id,name,name_en,name_th,collection,collection_en,collection_th,description,description_en,description_th,category,image_url,is_active,sort_order,created_at,updated_at
44,Be Chic Conditioning Shampoo 20ml,Conditioning Shampoo 20ml,แชมพูผสมครีมนวด 20 มล.,Be Chic,Be Chic Collection,บีชิค คอลเลคชั่น,Nice & chic design and good price for Budget Hotels,Nice & chic design and good price for Budget Hotels,ดีไซน์สวยงามราคาเหมาะสมสำหรับโรงแรมงบประมาณ,Budget Series,,t,1,2026-01-14 21:17:59.072832,2026-01-14 21:17:59.072832
45,Be Chic Shower Gel 20ml,Shower Gel 20ml,เจลอาบน้ำ 20 มล.,Be Chic,Be Chic Collection,บีชิค คอลเลคชั่น,Fresh nice fragrance in soft light blue packaging,Fresh nice fragrance in soft light blue packaging,กลิ่นหอมสดชื่นในบรรจุภัณฑ์สีฟ้าอ่อน,Budget Series,,t,2,2026-01-14 21:17:59.072832,2026-01-14 21:17:59.072832
46,Be Chic Soap 15g,Soap 15g,สบู่ 15 กรัม,Be Chic,Be Chic Collection,บีชิค คอลเลคชั่น,Soap in soft light blue waterproof plastic sachet,Soap in soft light blue waterproof plastic sachet,สบู่ในซองพลาสติกกันน้ำสีฟ้าอ่อน,Budget Series,,t,3,2026-01-14 21:17:59.072832,2026-01-14 21:17:59.072832
47,Bliss Conditioning Shampoo 25ml,Conditioning Shampoo 25ml,แชมพูผสมครีมนวด 25 มล.,Bliss,Bliss Collection,บลิส คอลเลคชั่น,Modern style Mint fragrance for Shampoo,Modern style Mint fragrance for Shampoo,กลิ่นมิ้นท์สไตล์โมเดิร์น,Budget Series,,t,4,2026-01-14 21:17:59.072832,2026-01-14 21:17:59.072832
48,Bliss Shower Gel 25ml,Shower Gel 25ml,เจลอาบน้ำ 25 มล.,Bliss,Bliss Collection,บลิส คอลเลคชั่น,Sakura fragrance for Shower Gel,Sakura fragrance for Shower Gel,กลิ่นซากุระสำหรับเจลอาบน้ำ,Budget Series,,t,5,2026-01-14 21:17:59.072832,2026-01-14 21:17:59.072832
49,Bliss Soap 15g,Soap 15g,สบู่ 15 กรัม,Bliss,Bliss Collection,บลิส คอลเลคชั่น,Plastic wrapped soap,Plastic wrapped soap,สบู่ห่อพลาสติก,Budget Series,,t,6,2026-01-14 21:17:59.072832,2026-01-14 21:17:59.072832
50,Sea Breeze Conditioning Shampoo 30ml,Conditioning Shampoo 30ml,แชมพูผสมครีมนวด 30 มล.,Sea Breeze,Sea Breeze Collection,ซีบรีซ คอลเลคชั่น,Fresh and energizing sea fragrance - Our best seller,Fresh and energizing sea fragrance - Our best seller,กลิ่นทะเลสดชื่นพลังงาน - สินค้าขายดี,Standard Series,,t,10,2026-01-14 21:17:59.072832,2026-01-14 21:17:59.072832
51,Sea Breeze Shower Gel 30ml,Shower Gel 30ml,เจลอาบน้ำ 30 มล.,Sea Breeze,Sea Breeze Collection,ซีบรีซ คอลเลคชั่น,Sea Breeze brings the Sea near you,Sea Breeze brings the Sea near you,ซีบรีซนำทะเลมาถึงคุณ,Standard Series,,t,11,2026-01-14 21:17:59.072832,2026-01-14 21:17:59.072832
52,Sea Breeze Body Lotion 30ml,Body Lotion 30ml,โลชั่นบำรุงผิว 30 มล.,Sea Breeze,Sea Breeze Collection,ซีบรีซ คอลเลคชั่น,Nourishing body lotion with sea fragrance,Nourishing body lotion with sea fragrance,โลชั่นบำรุงผิวกลิ่นทะเล,Standard Series,,t,12,2026-01-14 21:17:59.072832,2026-01-14 21:17:59.072832
53,Sea Breeze Soap 15g,Soap 15g,สบู่ 15 กรัม,Sea Breeze,Sea Breeze Collection,ซีบรีซ คอลเลคชั่น,Plastic wrapped soap,Plastic wrapped soap,สบู่ห่อพลาสติก,Standard Series,,t,13,2026-01-14 21:17:59.072832,2026-01-14 21:17:59.072832
54,Bloom Conditioning Shampoo 30ml,Conditioning Shampoo 30ml,แชมพูผสมครีมนวด 30 มล.,Bloom,Bloom Collection,บลูม คอลเลคชั่น,Fresh and sweet fragrance like spring season,Fresh and sweet fragrance like spring season,กลิ่นหอมสดชื่นเหมือนฤดูใบไม้ผลิ,Standard Series,,t,14,2026-01-14 21:17:59.072832,2026-01-14 21:17:59.072832
55,Bloom Shower Gel 30ml,Shower Gel 30ml,เจลอาบน้ำ 30 มล.,Bloom,Bloom Collection,บลูม คอลเลคชั่น,Tall shape white tube with black cap,Tall shape white tube with black cap,หลอดสีขาวทรงสูงฝาดำ,Standard Series,,t,15,2026-01-14 21:17:59.072832,2026-01-14 21:17:59.072832
56,Bloom Body Lotion 30ml,Body Lotion 30ml,โลชั่นบำรุงผิว 30 มล.,Bloom,Bloom Collection,บลูม คอลเลคชั่น,Modern design body lotion,Modern design body lotion,โลชั่นบำรุงผิวดีไซน์โมเดิร์น,Standard Series,,t,16,2026-01-14 21:17:59.072832,2026-01-14 21:17:59.072832
57,Flower Blossom Conditioning Shampoo 30ml,Conditioning Shampoo 30ml,แชมพูผสมครีมนวด 30 มล.,Flower Blossom,Flower Blossom Collection,ฟลาวเวอร์บลอสซั่ม คอลเลคชั่น,Soothing sweet scents of natural flowers,Soothing sweet scents of natural flowers,กลิ่นหอมอ่อนโยนของดอกไม้ธรรมชาติ,Standard Series,,t,17,2026-01-14 21:17:59.072832,2026-01-14 21:17:59.072832
58,Flower Blossom Shower Gel 30ml,Shower Gel 30ml,เจลอาบน้ำ 30 มล.,Flower Blossom,Flower Blossom Collection,ฟลาวเวอร์บลอสซั่ม คอลเลคชั่น,Soft sweet color tubes with modern cap,Soft sweet color tubes with modern cap,หลอดสีหวานอ่อนโยนฝาสไตล์โมเดิร์น,Standard Series,,t,18,2026-01-14 21:17:59.072832,2026-01-14 21:17:59.072832
59,Flower Blossom Body Lotion 30ml,Body Lotion 30ml,โลชั่นบำรุงผิว 30 มล.,Flower Blossom,Flower Blossom Collection,ฟลาวเวอร์บลอสซั่ม คอลเลคชั่น,Beautiful flower fragrance body lotion,Beautiful flower fragrance body lotion,โลชั่นบำรุงผิวกลิ่นดอกไม้สวยงาม,Standard Series,,t,19,2026-01-14 21:17:59.072832,2026-01-14 21:17:59.072832
60,Rice Milk Conditioning Shampoo 30ml,Conditioning Shampoo 30ml,แชมพูผสมครีมนวด 30 มล.,Rice Milk,Rice Milk Collection,ไรซ์มิลค์ คอลเลคชั่น,Gentle oriental natural style fragrance,Gentle oriental natural style fragrance,กลิ่นหอมธรรมชาติสไตล์ตะวันออก,Standard Series,,t,20,2026-01-14 21:18:47.209533,2026-01-14 21:18:47.209533
61,Rice Milk Shower Gel 30ml,Shower Gel 30ml,เจลอาบน้ำ 30 มล.,Rice Milk,Rice Milk Collection,ไรซ์มิลค์ คอลเลคชั่น,With gentle nourishment from Rice Milk,With gentle nourishment from Rice Milk,บำรุงอ่อนโยนจากน้ำนมข้าว,Standard Series,,t,21,2026-01-14 21:18:47.209533,2026-01-14 21:18:47.209533
62,Rice Milk Body Lotion 30ml,Body Lotion 30ml,โลชั่นบำรุงผิว 30 มล.,Rice Milk,Rice Milk Collection,ไรซ์มิลค์ คอลเลคชั่น,Clean look with white & green colors design,Clean look with white & green colors design,ดีไซน์สะอาดตาสีขาวและเขียว,Standard Series,,t,22,2026-01-14 21:18:47.209533,2026-01-14 21:18:47.209533
63,Lavender Conditioning Shampoo 30ml,Conditioning Shampoo 30ml,แชมพูผสมครีมนวด 30 มล.,Lavender,Lavender Collection,ลาเวนเดอร์ คอลเลคชั่น,Beautiful aromatic Lavender scent - Best seller,Beautiful aromatic Lavender scent - Best seller,กลิ่นลาเวนเดอร์หอมสวยงาม - สินค้าขายดี,Standard Series,,t,23,2026-01-14 21:18:47.209533,2026-01-14 21:18:47.209533
64,Lavender Shower Gel 30ml,Shower Gel 30ml,เจลอาบน้ำ 30 มล.,Lavender,Lavender Collection,ลาเวนเดอร์ คอลเลคชั่น,Classy tall bottle style,Classy tall bottle style,ขวดทรงสูงหรูหรา,Standard Series,,t,24,2026-01-14 21:18:47.209533,2026-01-14 21:18:47.209533
65,Lavender Body Lotion 30ml,Body Lotion 30ml,โลชั่นบำรุงผิว 30 มล.,Lavender,Lavender Collection,ลาเวนเดอร์ คอลเลคชั่น,Classic Black & White design,Classic Black & White design,ดีไซน์คลาสสิกขาวดำ,Standard Series,,t,25,2026-01-14 21:18:47.209533,2026-01-14 21:18:47.209533
66,Happy Holidays Conditioning Shampoo 30ml,Conditioning Shampoo 30ml,แชมพูผสมครีมนวด 30 มล.,Happy Holidays,Happy Holidays Collection,แฮปปี้ฮอลิเดย์ คอลเลคชั่น,Limited edition for special seasons,Limited edition for special seasons,รุ่นลิมิเต็ดสำหรับเทศกาลพิเศษ,Premium Series,,t,30,2026-01-14 21:18:47.209533,2026-01-14 21:18:47.209533
67,Happy Holidays Shower Gel 30ml,Shower Gel 30ml,เจลอาบน้ำ 30 มล.,Happy Holidays,Happy Holidays Collection,แฮปปี้ฮอลิเดย์ คอลเลคชั่น,Festive design collection,Festive design collection,คอลเลคชั่นดีไซน์เทศกาล,Premium Series,,t,31,2026-01-14 21:18:47.209533,2026-01-14 21:18:47.209533
68,Happy Holidays Body Lotion 30ml,Body Lotion 30ml,โลชั่นบำรุงผิว 30 มล.,Happy Holidays,Happy Holidays Collection,แฮปปี้ฮอลิเดย์ คอลเลคชั่น,Special holiday packaging,Special holiday packaging,บรรจุภัณฑ์พิเศษสำหรับวันหยุด,Premium Series,,t,32,2026-01-14 21:18:47.209533,2026-01-14 21:18:47.209533
69,The Classic Hair Shampoo 40ml,Hair Shampoo 40ml,แชมพู 40 มล.,The Classic,The Classic Collection,เดอะคลาสสิค คอลเลคชั่น,Sporty modern image with tall bottles,Sporty modern image with tall bottles,ภาพลักษณ์โมเดิร์นสปอร์ตพร้อมขวดทรงสูง,Premium Series,,t,33,2026-01-14 21:18:47.209533,2026-01-14 21:18:47.209533
70,The Classic Bath & Shower Gel 40ml,Bath & Shower Gel 40ml,เจลอาบน้ำ 40 มล.,The Classic,The Classic Collection,เดอะคลาสสิค คอลเลคชั่น,Classic style with black caps,Classic style with black caps,สไตล์คลาสสิกฝาดำ,Premium Series,,t,34,2026-01-14 21:18:47.209533,2026-01-14 21:18:47.209533
71,The Classic Body Lotion 40ml,Body Lotion 40ml,โลชั่นบำรุงผิว 40 มล.,The Classic,The Classic Collection,เดอะคลาสสิค คอลเลคชั่น,Eco friendly dry amenities package,Eco friendly dry amenities package,บรรจุภัณฑ์เป็นมิตรกับสิ่งแวดล้อม,Premium Series,,t,35,2026-01-14 21:18:47.209533,2026-01-14 21:18:47.209533
72,Spa Therapy Conditioning Shampoo 40ml,Conditioning Shampoo 40ml,แชมพูผสมครีมนวด 40 มล.,Spa Therapy,Spa Therapy Collection,สปาเธอราปี คอลเลคชั่น,Luxury products for hotels and resorts,Luxury products for hotels and resorts,สินค้าหรูสำหรับโรงแรมและรีสอร์ท,Luxury Series,,t,40,2026-01-14 21:18:47.209533,2026-01-14 21:18:47.209533
73,Spa Therapy Shower Gel 40ml,Shower Gel 40ml,เจลอาบน้ำ 40 มล.,Spa Therapy,Spa Therapy Collection,สปาเธอราปี คอลเลคชั่น,Gold color label screening,Gold color label screening,ฉลากสกรีนสีทอง,Luxury Series,,t,41,2026-01-14 21:18:47.209533,2026-01-14 21:18:47.209533
74,Spa Therapy Body Lotion 40ml,Body Lotion 40ml,โลชั่นบำรุงผิว 40 มล.,Spa Therapy,Spa Therapy Collection,สปาเธอราปี คอลเลคชั่น,Thai style lemongrass fragrance,Thai style lemongrass fragrance,กลิ่นตะไคร้สไตล์ไทย,Luxury Series,,t,42,2026-01-14 21:18:47.209533,2026-01-14 21:18:47.209533
75,Spa Therapy Soap 30g,Soap 30g,สบู่ 30 กรัม,Spa Therapy,Spa Therapy Collection,สปาเธอราปี คอลเลคชั่น,Large size luxury soap,Large size luxury soap,สบู่หรูขนาดใหญ่,Luxury Series,,t,43,2026-01-14 21:18:47.209533,2026-01-14 21:18:47.209533
76,PCR Recycling Shampoo 25ml,Shampoo 25ml,แชมพู 25 มล.,PCR Recycling,PCR Recycling Collection,พีซีอาร์ รีไซคลิง คอลเลคชั่น,"100% Organic Argan Oil, No paraben","100% Organic Argan Oil, No paraben",อาร์แกนออยล์ออร์แกนิค 100% ไม่มีพาราเบน,Earth Series,,t,50,2026-01-14 21:19:33.347333,2026-01-14 21:19:33.347333
77,PCR Recycling Conditioner 25ml,Conditioner 25ml,ครีมนวด 25 มล.,PCR Recycling,PCR Recycling Collection,พีซีอาร์ รีไซคลิง คอลเลคชั่น,Vitamin E to nourish hair,Vitamin E to nourish hair,วิตามินอีบำรุงเส้นผม,Earth Series,,t,51,2026-01-14 21:19:33.347333,2026-01-14 21:19:33.347333
78,PCR Recycling Shower Gel 25ml,Shower Gel 25ml,เจลอาบน้ำ 25 มล.,PCR Recycling,PCR Recycling Collection,พีซีอาร์ รีไซคลิง คอลเลคชั่น,Recycled plastic tubes,Recycled plastic tubes,หลอดพลาสติกรีไซเคิล,Earth Series,,t,52,2026-01-14 21:19:33.347333,2026-01-14 21:19:33.347333
79,PCR Recycling Body Lotion 25ml,Body Lotion 25ml,โลชั่นบำรุงผิว 25 มล.,PCR Recycling,PCR Recycling Collection,พีซีอาร์ รีไซคลิง คอลเลคชั่น,No artificial colors,No artificial colors,ไม่มีสีสังเคราะห์,Earth Series,,t,53,2026-01-14 21:19:33.347333,2026-01-14 21:19:33.347333
80,Care for Nature Conditioning Shampoo 30ml,Conditioning Shampoo 30ml,แชมพูผสมครีมนวด 30 มล.,Care for Nature,Care for Nature Collection,แคร์ฟอร์เนเจอร์ คอลเลคชั่น,Environmentally friendly products,Environmentally friendly products,ผลิตภัณฑ์เป็นมิตรกับสิ่งแวดล้อม,Earth Series,,t,54,2026-01-14 21:19:33.347333,2026-01-14 21:19:33.347333
81,Care for Nature Shower Gel 30ml,Shower Gel 30ml,เจลอาบน้ำ 30 มล.,Care for Nature,Care for Nature Collection,แคร์ฟอร์เนเจอร์ คอลเลคชั่น,98% Recycled tube,98% Recycled tube,หลอดรีไซเคิล 98%,Earth Series,,t,55,2026-01-14 21:19:33.347333,2026-01-14 21:19:33.347333
82,Care for Nature Body Lotion 30ml,Body Lotion 30ml,โลชั่นบำรุงผิว 30 มล.,Care for Nature,Care for Nature Collection,แคร์ฟอร์เนเจอร์ คอลเลคชั่น,Recycled paper kraft sachet,Recycled paper kraft sachet,ซองกระดาษคราฟท์รีไซเคิล,Earth Series,,t,56,2026-01-14 21:19:33.347333,2026-01-14 21:19:33.347333
83,The Beyond Shampoo 35ml,Shampoo 35ml,แชมพู 35 มล.,The Beyond,The Beyond Collection,เดอะบียอนด์ คอลเลคชั่น,Corn starch and straw materials,Corn starch and straw materials,วัสดุจากข้าวโพดและฟาง,Earth Series,,t,57,2026-01-14 21:19:33.347333,2026-01-14 21:19:33.347333
84,The Beyond Conditioner 20ml,Conditioner 20ml,ครีมนวด 20 มล.,The Beyond,The Beyond Collection,เดอะบียอนด์ คอลเลคชั่น,Budget control with smaller size,Budget control with smaller size,ควบคุมงบประมาณด้วยขนาดเล็ก,Earth Series,,t,58,2026-01-14 21:19:33.347333,2026-01-14 21:19:33.347333
85,The Beyond Shower Gel 35ml,Shower Gel 35ml,เจลอาบน้ำ 35 มล.,The Beyond,The Beyond Collection,เดอะบียอนด์ คอลเลคชั่น,Totally without plastic,Totally without plastic,ปราศจากพลาสติกโดยสิ้นเชิง,Earth Series,,t,59,2026-01-14 21:19:33.347333,2026-01-14 21:19:33.347333
86,The Beyond Body Lotion 20ml,Body Lotion 20ml,โลชั่นบำรุงผิว 20 มล.,The Beyond,The Beyond Collection,เดอะบียอนด์ คอลเลคชั่น,3-layer antibacterial sachets,3-layer antibacterial sachets,ซอง 3 ชั้นต้านเชื้อแบคทีเรีย,Earth Series,,t,60,2026-01-14 21:19:33.347333,2026-01-14 21:19:33.347333
87,Happy Little One Shampoo 40ml,Shampoo 40ml,แชมพู 40 มล.,Happy Little One,Happy Little One Collection,แฮปปี้ลิตเติ้ลวัน คอลเลคชั่น,Mildness product without irritation for babies,Mildness product without irritation for babies,ผลิตภัณฑ์อ่อนโยนไม่ระคายเคืองสำหรับเด็ก,Kids Series,,t,70,2026-01-14 21:19:33.347333,2026-01-14 21:19:33.347333
88,Happy Little One Bath Gel 40ml,Bath Gel 40ml,เจลอาบน้ำ 40 มล.,Happy Little One,Happy Little One Collection,แฮปปี้ลิตเติ้ลวัน คอลเลคชั่น,No Paraben and SLS,No Paraben and SLS,ไม่มีพาราเบนและ SLS,Kids Series,,t,71,2026-01-14 21:19:33.347333,2026-01-14 21:19:33.347333
89,Happy Little One Body Lotion 40ml,Body Lotion 40ml,โลชั่นบำรุงผิว 40 มล.,Happy Little One,Happy Little One Collection,แฮปปี้ลิตเติ้ลวัน คอลเลคชั่น,Baby & Mom cartoon design,Baby & Mom cartoon design,ดีไซน์การ์ตูนแม่และลูก,Kids Series,,t,72,2026-01-14 21:19:33.347333,2026-01-14 21:19:33.347333
90,Happy Little One Soap 20g,Soap 20g,สบู่ 20 กรัม,Happy Little One,Happy Little One Collection,แฮปปี้ลิตเติ้ลวัน คอลเลคชั่น,Paper box packaging,Paper box packaging,บรรจุภัณฑ์กล่องกระดาษ,Kids Series,,t,73,2026-01-14 21:19:33.347333,2026-01-14 21:19:33.347333
91,Waffle Slipper Closed Toe,Waffle Slipper Closed Toe 28cm,รองเท้าสลิปเปอร์วาฟเฟิลปิดนิ้ว 28 ซม.,Slippers,Slipper Premium,สลิปเปอร์พรีเมียม,Premium quality with anti-slip soles,Premium quality with anti-slip soles,คุณภาพพรีเมียมพร้อมพื้นกันลื่น,Accessories,,t,80,2026-01-14 21:20:19.164927,2026-01-14 21:20:19.164927
92,Canvas Slipper Closed Toe,Canvas Slipper Closed Toe 28cm,รองเท้าสลิปเปอร์ผ้าใบปิดนิ้ว 28 ซม.,Slippers,Slipper Boutique,สลิปเปอร์บูติก,Boutique canvas slipper,Boutique canvas slipper,สลิปเปอร์ผ้าใบบูติก,Accessories,,t,81,2026-01-14 21:20:19.164927,2026-01-14 21:20:19.164927
93,Jute Slipper Open Toe,Jute Slipper Open Toe,รองเท้าสลิปเปอร์ปอเปิดนิ้ว,Slippers,Slipper Outdoor,สลิปเปอร์เอาท์ดอร์,Outdoor jute slipper,Outdoor jute slipper,สลิปเปอร์ปอสำหรับกลางแจ้ง,Accessories,,t,82,2026-01-14 21:20:19.164927,2026-01-14 21:20:19.164927
94,Slipper Budget Closed Toe,Slipper Budget Closed Toe 28cm,รองเท้าสลิปเปอร์งบประมาณปิดนิ้ว 28 ซม.,Slippers,Slipper Budget,สลิปเปอร์งบประมาณ,Budget friendly slipper,Budget friendly slipper,สลิปเปอร์ราคาประหยัด,Accessories,,t,83,2026-01-14 21:20:19.164927,2026-01-14 21:20:19.164927
95,Slipper Budget Open Toe,Slipper Budget Open Toe 28cm,รองเท้าสลิปเปอร์งบประมาณเปิดนิ้ว 28 ซม.,Slippers,Slipper Budget,สลิปเปอร์งบประมาณ,Open toe budget slipper,Open toe budget slipper,สลิปเปอร์เปิดนิ้วราคาประหยัด,Accessories,,t,84,2026-01-14 21:20:19.164927,2026-01-14 21:20:19.164927
96,Kids Slipper,Slipper Kids Closed Toe 22cm,รองเท้าสลิปเปอร์เด็กปิดนิ้ว 22 ซม.,Slippers,Slipper Kids,สลิปเปอร์เด็ก,Slipper for kids,Slipper for kids,สลิปเปอร์สำหรับเด็ก,Accessories,,t,85,2026-01-14 21:20:19.164927,2026-01-14 21:20:19.164927
97,Sanitary Bag Paper,Sanitary Bag - Paper,ถุงอนามัย - กระดาษ,Bags,Hotel Bags,ถุงโรงแรม,Paper sanitary bag,Paper sanitary bag,ถุงอนามัยกระดาษ,Accessories,,t,86,2026-01-14 21:20:19.164927,2026-01-14 21:20:19.164927
98,Laundry Bag Cotton,Laundry Bag - Cotton,ถุงซักรีด - ผ้าฝ้าย,Bags,Hotel Bags,ถุงโรงแรม,Cotton laundry bag 38x55cm,Cotton laundry bag 38x55cm,ถุงซักรีดผ้าฝ้าย 38x55 ซม.,Accessories,,t,87,2026-01-14 21:20:19.164927,2026-01-14 21:20:19.164927
99,Hair Dryer Bag Cotton,Hair Dryer Bag - Cotton,ถุงไดร์เป่าผม - ผ้าฝ้าย,Bags,Hotel Bags,ถุงโรงแรม,Cotton hair dryer bag,Cotton hair dryer bag,ถุงไดร์เป่าผมผ้าฝ้าย,Accessories,,t,88,2026-01-14 21:20:19.164927,2026-01-14 21:20:19.164927
100,Door Hanger Classic,Door Hanger Classic Style,ป้ายคล้องประตูสไตล์คลาสสิก,Door Hangers,Door Hangers,ป้ายคล้องประตู,PVC Classic Style,PVC Classic Style,PVC สไตล์คลาสสิก,Accessories,,t,89,2026-01-14 21:20:19.164927,2026-01-14 21:20:19.164927
101,Door Hanger Thai,Door Hanger Thai Style,ป้ายคล้องประตูสไตล์ไทย,Door Hangers,Door Hangers,ป้ายคล้องประตู,PVC Thai Style,PVC Thai Style,PVC สไตล์ไทย,Accessories,,t,90,2026-01-14 21:20:19.164927,2026-01-14 21:20:19.164927
102,Thai Spa Hair Shampoo 4L,Hair Shampoo 4L,แชมพู 4 ลิตร,Thai Spa,Thai Spa Bulk,ไทยสปาขนาดใหญ่,Lemongrass and peppermint oil fragrance,Lemongrass and peppermint oil fragrance,กลิ่นตะไคร้และน้ำมันเปปเปอร์มินต์,Bulk Products,,t,100,2026-01-14 21:28:29.097458,2026-01-14 21:28:29.097458
103,Thai Spa Shower Gel 4L,Shower Gel 4L,เจลอาบน้ำ 4 ลิตร,Thai Spa,Thai Spa Bulk,ไทยสปาขนาดใหญ่,Relaxing aroma and treatment,Relaxing aroma and treatment,อโรม่าผ่อนคลายและบำรุง,Bulk Products,,t,101,2026-01-14 21:28:29.097458,2026-01-14 21:28:29.097458
104,Thai Spa Hand Soap 4L,Hand Soap 4L,สบู่ล้างมือ 4 ลิตร,Thai Spa,Thai Spa Bulk,ไทยสปาขนาดใหญ่,Thai spa hand soap,Thai spa hand soap,สบู่ล้างมือไทยสปา,Bulk Products,,t,102,2026-01-14 21:28:29.097458,2026-01-14 21:28:29.097458
105,Rice Milk Shampoo 4L,Hair Shampoo 4L,แชมพู 4 ลิตร,Rice Milk Bulk,Rice Milk Bulk,ไรซ์มิลค์ขนาดใหญ่,Oriental natural rice milk fragrance,Oriental natural rice milk fragrance,กลิ่นน้ำนมข้าวธรรมชาติสไตล์ตะวันออก,Bulk Products,,t,103,2026-01-14 21:28:29.097458,2026-01-14 21:28:29.097458
106,Rice Milk Shower Gel 4L,Shower Gel 4L,เจลอาบน้ำ 4 ลิตร,Rice Milk Bulk,Rice Milk Bulk,ไรซ์มิลค์ขนาดใหญ่,Thai traditional rice field atmosphere,Thai traditional rice field atmosphere,บรรยากาศทุ่งนาไทยดั้งเดิม,Bulk Products,,t,104,2026-01-14 21:28:29.097458,2026-01-14 21:28:29.097458
107,Lavender Shampoo 4L,Conditioning Shampoo 4L,แชมพูผสมครีมนวด 4 ลิตร,Lavender Bulk,Lavender Bulk,ลาเวนเดอร์ขนาดใหญ่,Sweet gentle Lavender fragrance - Best seller,Sweet gentle Lavender fragrance - Best seller,กลิ่นลาเวนเดอร์อ่อนหวาน - สินค้าขายดี,Bulk Products,,t,105,2026-01-14 21:28:29.097458,2026-01-14 21:28:29.097458
108,Lavender Shower Gel 4L,Shower Gel 4L,เจลอาบน้ำ 4 ลิตร,Lavender Bulk,Lavender Bulk,ลาเวนเดอร์ขนาดใหญ่,Most popular fragrance,Most popular fragrance,กลิ่นหอมยอดนิยม,Bulk Products,,t,106,2026-01-14 21:28:29.097458,2026-01-14 21:28:29.097458
109,Cool Water Shampoo 4L,Hair Shampoo 4L,แชมพู 4 ลิตร,Cool Water,Cool Water Bulk,คูลวอเตอร์ขนาดใหญ่,Popular fresh and cool feelings,Popular fresh and cool feelings,ความสดชื่นเย็นสบายยอดนิยม,Bulk Products,,t,107,2026-01-14 21:28:29.097458,2026-01-14 21:28:29.097458
110,Cool Water Shower Gel 4L,Shower Gel 4L,เจลอาบน้ำ 4 ลิตร,Cool Water,Cool Water Bulk,คูลวอเตอร์ขนาดใหญ่,Fresh cool feelings throughout the day,Fresh cool feelings throughout the day,ความสดชื่นเย็นสบายตลอดวัน,Bulk Products,,t,108,2026-01-14 21:28:29.097458,2026-01-14 21:28:29.097458
111,Coco Paradise Shampoo 4L,Hair Shampoo 4L,แชมพู 4 ลิตร,Coco Paradise,Coco Paradise Bulk,โคโค่พาราไดส์ขนาดใหญ่,Coconut milk and vanilla fragrance,Coconut milk and vanilla fragrance,กลิ่นน้ำมะพร้าวและวานิลลา,Bulk Products,,t,109,2026-01-14 21:28:29.097458,2026-01-14 21:28:29.097458
112,Coco Paradise Shower Gel 4L,Shower Gel 4L,เจลอาบน้ำ 4 ลิตร,Coco Paradise,Coco Paradise Bulk,โคโค่พาราไดส์ขนาดใหญ่,Fresh feelings for hair and skin,Fresh feelings for hair and skin,ความสดชื่นสำหรับผมและผิว,Bulk Products,,t,110,2026-01-14 21:28:29.097458,2026-01-14 21:28:29.097458
113,Spa Therapy Shampoo 4L,Conditioning Shampoo 4L,แชมพูผสมครีมนวด 4 ลิตร,Spa Therapy Bulk,Spa Therapy Bulk,สปาเธอราปีขนาดใหญ่,Thai lemongrass and peppermint oil,Thai lemongrass and peppermint oil,ตะไคร้ไทยและน้ำมันเปปเปอร์มินต์,Bulk Products,,t,111,2026-01-14 21:28:29.097458,2026-01-14 21:28:29.097458
114,Spa Therapy Shower Gel 4L,Shower Gel 4L,เจลอาบน้ำ 4 ลิตร,Spa Therapy Bulk,Spa Therapy Bulk,สปาเธอราปีขนาดใหญ่,Best selected Thai spa ingredients,Best selected Thai spa ingredients,ส่วนผสมสปาไทยคัดสรรอย่างดี,Bulk Products,,t,112,2026-01-14 21:28:29.097458,2026-01-14 21:28:29.097458
115,PCR Shampoo 4L,Conditioning Shampoo 4L,แชมพูผสมครีมนวด 4 ลิตร,PCR Bulk,PCR Recycling Bulk,พีซีอาร์รีไซคลิงขนาดใหญ่,Argan oil treatment - Best seller,Argan oil treatment - Best seller,บำรุงด้วยอาร์แกนออยล์ - สินค้าขายดี,Bulk Products,,t,113,2026-01-14 21:28:29.097458,2026-01-14 21:28:29.097458
116,PCR Shower Gel 4L,Shower Gel 4L,เจลอาบน้ำ 4 ลิตร,PCR Bulk,PCR Recycling Bulk,พีซีอาร์รีไซคลิงขนาดใหญ่,Soft touch fragrance eco-friendly,Soft touch fragrance eco-friendly,กลิ่นหอมนุ่มสัมผัส เป็นมิตรกับสิ่งแวดล้อม,Bulk Products,,t,114,2026-01-14 21:28:29.097458,2026-01-14 21:28:29.097458
